score,protocol,model,n_folds,pr_auc,pr_auc_std,roc_auc,roc_auc_std,f2,f2_std,recall,precision
score_sortie,holdout_patient,logistic,1,0.4987662819989857,0.0,0.8091517857142858,0.0,0.6796116504854369,0.0,0.875,0.358974358974359
score_sortie,holdout_patient,random_forest,1,0.6073605969240896,0.0,0.8526785714285714,0.0,0.6989247311827957,0.0,0.8125,0.4482758620689655
score_sortie,cv_patient_k5,logistic,5,0.3898647784422029,0.06892366986055332,0.7068093598420033,0.0228593733728824,0.542416772769714,0.054892910240786984,0.6966526610644257,0.2912265512265512
score_sortie,cv_patient_k5,random_forest,5,0.5567549274973441,0.10938562700617735,0.8189226802373707,0.043429415979070435,0.5682274019630584,0.13220711007450725,0.7377310924369749,0.3641379310344828
score_sortie,cv_stratified_patient_k5,logistic,5,0.4075576644802232,0.07583345225198573,0.7129465925817378,0.036829287474717275,0.5252267021827175,0.07975478356405867,0.7209150326797386,0.2553910728910729
score_sortie,cv_stratified_patient_k5,random_forest,5,0.5718863425393862,0.05055260840297226,0.8223003589719896,0.012760696764081843,0.6526469131928895,0.0302193659852393,0.7980392156862746,0.38129352398802113
score_tele,holdout_patient,logistic,1,0.5894755321540345,0.0,0.8370535714285714,0.0,0.6521739130434783,0.0,0.75,0.42857142857142855
score_tele,holdout_patient,random_forest,1,0.5843268663372275,0.0,0.8459821428571428,0.0,0.7446808510638298,0.0,0.875,0.4666666666666667
score_tele,cv_patient_k5,logistic,5,0.36704450834259583,0.07661045770040975,0.7049126243374004,0.02263281386007147,0.5491058406833809,0.06190246977376484,0.6966526610644257,0.3022140909486871
score_tele,cv_patient_k5,random_forest,5,0.5527701596418076,0.1141291192592012,0.8202125126522122,0.042539886739553744,0.5842544504029255,0.07813636279367556,0.7555042016806722,0.3603913621228368
score_tele,cv_stratified_patient_k5,logistic,5,0.38877946432864824,0.06935568774588625,0.7095638194297911,0.05069416940453471,0.5329559666979008,0.09321464777573256,0.7098039215686275,0.2690720112303963
score_tele,cv_stratified_patient_k5,random_forest,5,0.566043841386963,0.038207294117065374,0.8129673902942705,0.017109647592096083,0.6517575823995179,0.03568462926229692,0.7980392156862746,0.3801694336271094
